LET(MeV-cm2/mg),cross section (cm2)
1,0.0000011235734209284956
6,0.000006925618676822711
15,0.00030191035883791193