LET(MeV-cm2/mg),cross section (cm2/bit)
1,6.153676826947758e-12
6,1.0003317371949609e-11
15,4.579618524590292e-10