LET(MeV-cm2/mg),cross section (cm2)
1,4.725182693586861e-13
6,1.2557870181095924e-11
15,4.673694287963505e-11