energy(MeV),cross section(cm2/device)
57.5, 1.023039629846558e-9
60, 6.170615047108281e-10
200, 1.1233582831300359e-9