LET(MeV-cm2/mg),cross section (cm2)
3.1749834706630926, 9.60371318942303e-8
7.107899245693485, 4.835629706441896e-8
10.406941610561713, 8.459410498280102e-7
36.89739014211675, 0.00017598060151128073
39.803709680859384, 0.00027582367781680243
79.06888290120078, 0.00011660009072765767