LET(MeV-cm2/mg),cross section (cm2/bit)
1.4057167985927879, 1.1133148897870658e-16
5.192788038698329, 8.201875493840807e-16